,0,1,2,3,4,5,6,7,8,9,10,11,12,13,14,15,16,17,18,19,20,21,22,23,24,25,26,27,28,29,30,31,32,33,34
Наименование,2024,2023,2022,2021,2020,2019,2018,2017,2016,2015,2014,2013,2012,2011,2010,2009,2008,2007,2006,2005,2004,2003,2002,2001,2000,1999,1998,1997,1996,1995,1994,1993,1992,1991,1990
Центральный федеральный округ,40 248 674,40 219 457,40 269 144,40 319 531,40 379 696,40 336 196,40 166 110,39 972 538,39 758 615,39 516 659,39 262 679,39 017 044,38 766 289,38 543 318,38 390 287,38 299 035,38 236 673,38 196 721,38 146 181,38 076 537,38 004 571,37 955 941,38 007 670,38 121 775,38 201 350,38 269 388,38 297 365,38 258 682,38 211 090,38 151 926,38 101 745,38 111 540,38 136 754,38 146 768,38 086 684
г. Москва,13 212 044,13 126 990,13 059 651,12 997 272,12 963 013,12 887 153,12 745 157,12 571 383,12 426 540,12 278 053,12 109 770,11 942 945,11 759 124,11 604 910,11 461 631,11 331 896,11 234 241,11 139 139,11 007 595,10 825 095,10 631 055,10 461 292,10 328 404,10 192 050,10 023 556,9 858 089,9 693 767,9 507 765,9 328 980,9 166 094,9 076 032,9 066 310,9 066 918,9 042 611,8 948 775
Московская область,8 713 497,8 621 498,8 566 996,8 489 558,8 404 864,8 303 032,8 160 757,8 024 182,7 882 899,7 736 019,7 593 006,7 452 612,7 314 618,7 174 980,7 065 211,6 991 111,6 926 692,6 871 095,6 815 337,6 760 297,6 704 033,6 644 102,6 613 019,6 611 296,6 620 819,6 640 830,6 655 334,6 657 430,6 658 948,6 665 991,6 674 551,6 690 811,6 711 729,6 719 677,6 710 213
Воронежская область,2 266 731,2 279 349,2 293 949,2 310 877,2 327 739,2 337 457,2 340 861,2 343 280,2 341 760,2 338 257,2 334 632,2 332 889,2 332 807,2 333 752,2 334 852,2 336 946,2 341 705,2 349 109,2 357 358,2 362 922,2 366 194,2 370 959,2 385 788,2 409 742,2 431 838,2 449 944,2 464 426,2 477 551,2 487 720,2 492 826,2 491 599,2 483 459,2 473 030,2 468 202,2 470 301
Белгородская область,1 491 342,1 507 593,1 525 496,1 540 947,1 549 193,1 551 920,1 551 910,1 554 224,1 553 965,1 551 106,1 547 659,1 543 725,1 539 267,1 534 478,1 532 067,1 529 019,1 523 180,1 517 127,1 512 934,1 511 688,1 512 761,1 512 879,1 510 025,1 507 555,1 504 346,1 498 286,1 490 345,1 482 212,1 473 060,1 461 246,1 444 738,1 427 144,1 412 346,1 401 467,1 392 730
Тульская область,1 463 965,1 476 305,1 489 080,1 502 152,1 513 299,1 522 369,1 529 328,1 533 698,1 534 873,1 535 617,1 537 144,1 540 973,1 546 893,1 550 238,1 557 492,1 570 500,1 582 152,1 594 048,1 607 666,1 623 486,1 640 500,1 659 506,1 681 909,1 706 842,1 731 523,1 754 660,1 774 002,1 789 335,1 803 122,1 814 714,1 823 194,1 830 358,1 836 401,1 844 010,1 852 749
Владимирская область,1 303 939,1 317 726,1 333 872,1 350 639,1 366 384,1 376 582,1 384 819,1 394 996,1 402 656,1 408 811,1 415 142,1 421 573,1 429 246,1 437 326,1 445 451,1 453 855,1 462 340,1 471 302,1 481 157,1 492 025,1 503 585,1 514 814,1 529 627,1 548 625,1 566 780,1 583 833,1 597 537,1 607 785,1 618 190,1 627 109,1 632 275,1 638 245,1 645 084,1 651 106,1 655 763
Тверская область,1 195 160,1 205 465,1 218 611,1 233 938,1 249 406,1 261 790,1 273 914,1 287 871,1 298 683,1 308 195,1 318 823,1 328 694,1 337 546,1 345 945,1 357 707,1 370 372,1 381 183,1 392 899,1 407 059,1 423 942,1 440 218,1 456 696,1 478 524,1 505 510,1 531 687,1 555 224,1 575 181,1 591 551,1 605 807,1 616 856,1 624 324,1 633 530,1 644 359,1 655 855,1 664 673
Ярославская область,1 183 866,1 191 081,1 200 121,1 213 650,1 228 638,1 239 717,1 247 850,1 255 397,1 260 496,1 262 927,1 264 839,1 266 845,1 268 463,1 270 070,1 275 547,1 283 105,1 289 329,1 296 250,1 306 389,1 321 306,1 338 427,1 355 714,1 371 396,1 386 074,1 399 921,1 412 769,1 424 056,1 433 099,1 442 150,1 449 750,1 454 820,1 460 564,1 466 832,1 471 627,1 472 990
Брянская область,1 137 600,1 147 454,1 158 570,1 171 845,1 184 133,1 193 180,1 202 671,1 213 075,1 220 548,1 226 690,1 235 398,1 246 410,1 257 967,1 269 511,1 280 947,1 290 395,1 298 797,1 308 046,1 320 200,1 335 892,1 352 190,1 367 626,1 383 212,1 399 696,1 415 576,1 430 326,1 442 873,1 453 721,1 462 990,1 468 032,1 465 771,1 461 231,1 458 081,1 457 002,1 464 469
Липецкая область,1 112 280,1 121 264,1 132 202,1 144 374,1 155 138,1 160 836,1 163 882,1 167 649,1 168 270,1 166 590,1 166 156,1 166 303,1 167 263,1 170 042,1 174 539,1 179 516,1 184 344,1 188 557,1 192 149,1 196 235,1 201 926,1 208 140,1 215 746,1 224 292,1 230 888,1 236 423,1 240 916,1 243 648,1 245 435,1 246 536,1 244 877,1 240 927,1 235 670,1 232 925,1 232 443
Рязанская область,1 078 316,1 085 575,1 093 748,1 104 512,1 115 127,1 121 803,1 126 857,1 131 938,1 135 033,1 138 164,1 142 318,1 145 708,1 148 299,1 150 716,1 156 822,1 164 855,1 171 121,1 177 921,1 185 158,1 194 108,1 204 865,1 217 031,1 232 343,1 249 893,1 266 657,1 281 530,1 294 281,1 305 817,1 316 580,1 326 112,1 333 211,1 338 516,1 342 849,1 347 330,1 350 274
Калужская область,1 067 505,1 069 632,1 072 053,1 064 630,1 054 095,1 052 781,1 051 953,1 048 957,1 042 172,1 034 519,1 026 500,1 018 788,1 015 211,1 011 477,1 012 093,1 015 297,1 016 662,1 018 934,1 021 741,1 025 461,1 029 618,1 035 135,1 044 109,1 054 948,1 065 349,1 075 132,1 082 157,1 085 616,1 087 882,1 088 139,1 083 992,1 079 896,1 076 886,1 074 319,1 071 190
Курская область,1 055 337,1 063 963,1 072 595,1 084 868,1 095 604,1 101 403,1 107 508,1 115 926,1 118 759,1 116 370,1 116 272,1 117 744,1 119 597,1 123 331,1 130 319,1 139 159,1 147 593,1 156 720,1 169 605,1 186 719,1 204 592,1 222 235,1 239 845,1 257 519,1 274 107,1 288 973,1 302 081,1 312 780,1 321 499,1 328 526,1 330 449,1 328 721,1 326 658,1 327 038,1 330 947
Тамбовская область,951 475,961 271,972 711,986 089,999 424,1 010 592,1 024 187,1 036 355,1 044 761,1 055 894,1 065 300,1 072 026,1 078 872,1 086 024,1 094 675,1 103 730,1 112 124,1 121 726,1 132 782,1 144 689,1 156 341,1 168 044,1 183 815,1 203 494,1 222 320,1 239 463,1 254 755,1 268 833,1 282 253,1 293 560,1 299 938,1 302 507,1 303 564,1 307 816,1 315 807
Ивановская область,902 195,910 313,919 420,931 473,946 222,959 459,972 935,987 203,999 551,1 011 314,1 022 945,1 033 844,1 044 128,1 054 601,1 063 948,1 071 048,1 077 710,1 085 475,1 095 849,1 109 301,1 123 883,1 137 783,1 153 205,1 170 416,1 186 785,1 202 594,1 216 646,1 229 205,1 242 252,1 254 552,1 264 777,1 274 138,1 282 200,1 288 979,1 293 927
Смоленская область,860 542,868 514,879 971,893 606,908 257,920 967,930 243,937 675,944 279,952 054,958 772,966 118,974 559,980 584,987 953,996 865,1 004 864,1 013 459,1 021 671,1 028 870,1 035 715,1 042 505,1 054 576,1 072 733,1 090 796,1 107 879,1 122 804,1 135 243,1 145 942,1 153 125,1 153 394,1 151 478,1 151 965,1 154 902,1 158 042
Орловская область,689 334,696 381,705 150,715 505,725 578,733 340,740 588,748 637,755 247,760 828,766 329,772 001,778 024,783 265,789 368,796 000,802 031,808 298,816 743,828 631,841 108,852 682,862 919,872 117,880 460,887 646,893 360,898 092,903 001,907 455,908 472,905 530,901 347,898 742,896 691
Костромская область,563 546,569 083,574 948,583 596,593 582,601 815,610 690,620 092,628 123,635 251,641 674,647 846,654 405,662 068,669 665,675 366,680 605,686 616,694 788,705 870,717 560,728 798,739 208,748 973,757 942,765 787,772 844,778 999,785 279,791 303,795 331,798 175,800 835,803 160,804 700
Приволжский федеральный округ,28 474 755,28 612 039,28 776 390,28 981 109,29 200 183,29 360 750,29 485 144,29 601 460,29 663 102,29 698 561,29 728 909,29 756 879,29 792 356,29 845 580,29 936 473,30 023 068,30 099 898,30 205 455,30 358 633,30 565 977,30 785 943,30 998 827,31 210 259,31 423 744,31 617 435,31 770 192,31 868 839,31 935 929,32 010 128,32 065 501,32 054 878,32 015 435,31 948 140,31 865 230,31 800 431
Республика Башкортостан,4 053 369,4 070 980,4 084 610,4 093 857,4 104 463,4 115 453,4 120 410,4 120 782,4 116 385,4 109 848,4 100 524,4 086 645,4 075 277,4 072 328,4 070 315,4 063 959,4 057 097,4 054 130,4 059 848,4 073 803,4 087 782,4 098 244,4 105 257,4 111 714,4 117 494,4 118 684,4 112 665,4 102 930,4 091 289,4 073 554,4 049 902,4 029 679,4 005 020,3 975 098,3 951 809
Республика Татарстан,4 011 311,4 002 320,4 000 854,3 998 887,3 997 023,3 989 152,3 974 375,3 956 764,3 932 921,3 906 797,3 881 043,3 854 481,3 826 898,3 799 963,3 785 971,3 778 992,3 770 152,3 764 942,3 762 353,3 764 883,3 770 636,3 775 386,3 779 785,3 784 355,3 788 276,3 789 478,3 784 807,3 775 198,3 765 619,3 756 502,3 746 303,3 730 324,3 706 076,3 683 879,3 664 690
Самарская область,3 120 204,3 135 262,3 153 533,3 174 117,3 195 048,3 206 514,3 210 539,3 217 895,3 221 165,3 222 676,3 222 293,3 219 640,3 218 119,3 216 169,3 218 110,3 221 211,3 221 226,3 222 438,3 224 790,3 225 459,3 227 213,3 232 425,3 244 875,3 264 926,3 283 712,3 297 080,3 303 433,3 304 896,3 306 172,3 303 685,3 289 614,3 273 715,3 261 010,3 250 241,3 241 830
Нижегородская область,3 049 878,3 071 076,3 095 367,3 126 706,3 159 332,3 181 635,3 200 781,3 220 481,3 236 317,3 250 563,3 264 280,3 277 386,3 288 397,3 300 620,3 317 230,3 335 266,3 353 268,3 373 588,3 399 341,3 431 111,3 464 488,3 498 376,3 535 199,3 574 584,3 611 354,3 641 861,3 664 686,3 682 796,3 701 399,3 720 852,3 733 979,3 745 236,3 757 719,3 767 761,3 776 727
Пермский край,2 489 450,2 501 809,2 516 751,2 537 933,2 562 731,2 581 988,2 596 807,2 610 139,2 618 357,2 623 408,2 627 127,2 628 897,2 629 087,2 631 095,2 641 102,2 654 506,2 667 158,2 682 778,2 705 183,2 735 163,2 767 305,2 798 409,2 825 448,2 847 873,2 868 750,2 887 825,2 903 215,2 917 863,2 934 775,2 953 715,2 973 086,2 992 822,3 007 955,3 017 312,3 025 036
Саратовская область,2 377 284,2 395 054,2 417 978,2 444 309,2 467 866,2 484 437,2 498 661,2 511 589,2 517 620,2 518 281,2 516 576,2 515 480,2 515 327,2 517 102,2 527 358,2 540 365,2 551 809,2 565 359,2 581 813,2 603 403,2 627 551,2 651 504,2 672 772,2 690 725,2 705 017,2 715 315,2 720 883,2 723 783,2 731 126,2 735 634,2 729 726,2 721 520,2 712 979,2 706 299,2 701 378
Оренбургская область,1 822 777,1 835 017,1 848 579,1 867 547,1 888 872,1 904 146,1 920 172,1 939 640,1 954 702,1 967 232,1 981 016,1 995 431,2 009 848,2 024 254,2 036 770,2 043 150,2 049 978,2 061 796,2 080 693,2 107 977,2 136 201,2 162 971,2 182 925,2 196 753,2 207 413,2 214 378,2 217 824,2 217 004,2 216 995,2 215 543,2 204 912,2 189 699,2 175 428,2 163 997,2 155 416
Удмуртская Республика,1 430 919,1 438 404,1 445 599,1 454 945,1 466 282,1 476 440,1 485 682,1 493 657,1 498 971,1 502 569,1 505 850,1 509 156,1 512 905,1 517 591,1 522 753,1 526 676,1 530 591,1 535 774,1 542 211,1 550 056,1 557 692,1 564 634,1 573 173,1 583 134,1 591 821,1 598 490,1 602 684,1 605 837,1 610 171,1 614 997,1 618 765,1 622 495,1 623 500,1 619 419,1 614 073
Пензенская область,1 231 496,1 241 361,1 253 856,1 269 953,1 286 654,1 301 298,1 315 622,1 328 720,1 338 461,1 346 711,1 353 718,1 361 249,1 370 536,1 379 615,1 388 210,1 395 287,1 401 755,1 408 542,1 415 899,1 425 562,1 435 523,1 444 610,1 457 717,1 475 176,1 492 171,1 507 256,1 519 445,1 529 788,1 540 250,1 549 541,1 553 361,1 553 302,1 550 619,1 547 798,1 546 957
Ульяновская область,1 169 058,1 176 894,1 186 333,1 199 376,1 213 385,1 224 520,1 234 009,1 242 345,1 248 955,1 254 898,1 260 990,1 268 070,1 276 437,1 285 635,1 296 084,1 305 191,1 312 455,1 321 065,1 333 125,1 347 458,1 360 730,1 372 905,1 387 411,1 404 731,1 420 483,1 433 562,1 444 917,1 455 755,1 465 904,1 471 553,1 467 779,1 455 322,1 439 981,1 426 723,1 416 085
Чувашская Республика,1 163 415,1 170 119,1 178 543,1 189 342,1 200 388,1 209 255,1 217 054,1 224 210,1 227 872,1 230 365,1 233 524,1 237 859,1 242 977,1 247 996,1 253 185,1 257 045,1 260 627,1 265 815,1 273 758,1 284 984,1 296 348,1 306 685,1 315 616,1 323 622,1 330 988,1 336 524,1 339 014,1 340 565,1 342 956,1 344 702,1 345 455,1 346 649,1 345 921,1 341 923,1 338 505
Кировская область,1 125 173,1 134 023,1 143 644,1 160 985,1 182 667,1 201 063,1 218 763,1 235 739,1 250 270,1 264 004,1 278 488,1 294 235,1 311 107,1 329 235,1 345 725,1 358 848,1 372 193,1 387 700,1 407 331,1 432 001,1 458 918,1 485 729,1 508 672,1 527 573,1 545 187,1 561 165,1 575 106,1 588 704,1 602 709,1 616 418,1 627 934,1 637 191,1 643 499,1 647 036,1 650 351
Республика Мордовия,762 393,768 632,776 407,785 082,793 859,801 163,807 577,813 090,813 367,812 533,813 831,817 678,823 329,829 767,836 224,842 073,848 310,854 781,861 304,868 276,875 074,882 232,891 653,902 637,913 301,922 929,931 218,938 855,945 887,951 719,956 300,959 450,960 564,961 379,963 044
Республика Марий Эл,668 028,671 088,674 336,678 070,681 613,683 686,684 692,686 409,687 739,688 676,689 649,690 672,692 112,694 210,697 436,700 499,703 279,706 747,710 984,715 841,720 482,724 717,729 756,735 941,741 468,745 645,748 942,751 955,754 876,757 086,757 762,758 031,757 869,756 365,754 530
Южный федеральный округ,16 606 575,16 633 067,16 680 128,16 728 073,16 743 184,16 721 662,16 669 097,16 617 229,16 543 450,16 436 958,16 324 069,13 985 964,13 925 835,13 877 030,13 852 539,13 849 134,13 835 715,13 823 657,13 828 773,13 853 944,13 888 341,13 930 063,13 981 406,14 035 002,14 078 797,14 114 837,14 141 988,14 145 344,14 114 620,14 045 102,13 923 432,13 780 727,13 638 113,13 501 578,13 383 177
Краснодарский край,5 837 620,5 826 173,5 825 693,5 823 840,5 804 870,5 773 979,5 724 891,5 673 078,5 614 961,5 542 754,5 474 621,5 399 752,5 326 627,5 263 586,5 222 110,5 204 330,5 182 562,5 156 798,5 135 081,5 123 077,5 116 904,5 117 381,5 125 744,5 132 207,5 133 111,5 131 959,5 129 472,5 121 498,5 095 254,5 048 425,4 980 816,4 902 412,4 813 874,4 727 281,4 664 460
Ростовская область,4 144 926,4 158 532,4 178 435,4 204 454,4 223 033,4 230 015,4 237 904,4 248 997,4 253 207,4 254 694,4 255 725,4 258 577,4 262 716,4 269 623,4 279 999,4 288 622,4 295 041,4 306 132,4 323 547,4 342 579,4 364 117,4 386 096,4 407 164,4 428 483,4 446 874,4 464 900,4 481 619,4 491 692,4 493 145,4 486 324,4 460 085,4 421 430,4 387 484,4 357 453,4 326 249
Волгоградская область,2 443 972,2 461 978,2 481 432,2 503 227,2 519 924,2 532 443,2 543 595,2 553 518,2 561 940,2 569 129,2 576 819,2 585 707,2 594 646,2 603 056,2 610 835,2 616 114,2 620 595,2 626 544,2 635 176,2 648 302,2 664 302,2 683 312,2 701 912,2 717 513,2 731 968,2 744 499,2 750 922,2 748 909,2 742 239,2 727 938,2 705 881,2 685 337,2 666 469,2 649 017,2 630 994
Республика Крым,1 905 874,1 913 152,1 923 948,1 931 511,1 935 281,1 935 709,1 931 205,1 926 234,1 917 721,1 904 256,1 884 473,-,-,-,-,-,-,-,-,-,-,-,-,-,-,-,-,-,-,-,-,-,-,-,-
Астраханская область,946 505,948 493,954 164,963 399,974 480,985 507,994 240,999 464,1 002 727,1 006 571,1 008 287,1 007 421,1 009 488,1 010 646,1 010 461,1 010 523,1 007 911,1 003 598,1 001 908,1 004 492,1 006 270,1 005 427,1 005 140,1 007 395,1 010 834,1 014 377,1 018 134,1 020 231,1 019 876,1 016 666,1 010 137,1 005 416,1 003 982,1 002 149,999 280
г.Севастополь,559 838,559 824,552 863,539 630,527 088,510 995,489 578,469 051,447 986,418 188,386 474,-,-,-,-,-,-,-,-,-,-,-,-,-,-,-,-,-,-,-,-,-,-,-,-
Республика Адыгея,500 661,499 288,498 135,494 351,488 987,482 078,474 576,471 202,467 564,462 600,457 171,452 086,447 389,442 482,439 847,439 570,438 640,438 252,439 798,442 147,444 074,445 838,446 729,446 975,448 192,449 693,450 590,450 448,450 225,450 100,449 177,447 318,443 728,438 938,435 697
Республика Калмыкия,267 179,265 627,265 458,267 661,269 521,270 936,273 108,275 685,277 344,278 766,280 499,282 421,284 969,287 637,289 287,289 975,290 966,292 333,293 263,293 347,292 674,292 009,294 717,302 429,307 818,309 409,311 251,312 566,313 881,315 649,317 336,318 814,322 576,326 740,326 497
Сибирский федеральный округ,16 530 019,16 606 473,16 702 161,16 821 492,16 947 385,17 043 810,17 111 601,17 168 233,17 194 452,17 197 896,17 194 780,17 189 463,17 182 295,17 175 970,17 191 215,17 207 211,17 216 413,17 253 631,17 342 671,17 488 763,17 652 440,17 815 407,17 962 126,18 091 393,18 211 960,18 325 544,18 417 615,18 485 306,18 560 915,18 635 007,18 683 255,18 740 523,18 785 825,18 780 294,18 754 309
Красноярский край,2 842 054,2 845 832,2 850 935,2 859 356,2 867 233,2 875 636,2 880 100,2 880 081,2 874 424,2 865 506,2 858 013,2 851 211,2 843 351,2 834 045,2 830 979,2 832 722,2 834 802,2 841 219,2 857 370,2 885 622,2 916 918,2 946 888,2 971 817,2 991 315,3 011 490,3 035 403,3 058 277,3 076 829,3 092 612,3 106 624,3 126 645,3 150 023,3 162 417,3 163 795,3 159 648
Новосибирская область,2 788 036,2 791 899,2 795 879,2 799 459,2 806 789,2 808 986,2 802 770,2 794 287,2 779 423,2 761 518,2 744 412,2 724 153,2 700 432,2 677 403,2 664 029,2 655 259,2 645 825,2 644 961,2 651 024,2 660 419,2 670 069,2 681 289,2 695 725,2 709 080,2 720 321,2 729 775,2 733 123,2 730 996,2 731 239,2 732 543,2 733 050,2 740 305,2 748 061,2 747 018,2 743 430
Кемеровская область-Кузбасс,2 537 452,2 557 961,2 580 125,2 607 141,2 634 981,2 656 497,2 676 139,2 694 486,2 706 960,2 716 100,2 725 515,2 735 475,2 744 931,2 755 459,2 767 109,2 774 661,2 778 294,2 783 115,2 795 970,2 819 452,2 847 534,2 877 776,2 905 605,2 930 034,2 952 850,2 974 413,2 993 848,3 013 419,3 036 025,3 056 368,3 068 848,3 082 871,3 095 953,3 099 688,3 099 975
Иркутская область,2 326 414,2 337 448,2 353 904,2 372 103,2 388 558,2 399 358,2 405 290,2 410 290,2 414 025,2 416 463,2 418 669,2 421 657,2 424 093,2 426 464,2 434 172,2 444 339,2 451 849,2 461 396,2 479 763,2 508 111,2 538 189,2 565 000,2 588 707,2 611 436,2 633 597,2 655 954,2 677 085,2 697 234,2 717 783,2 737 737,2 756 148,2 774 122,2 788 957,2 795 429,2 795 933
Алтайский край,2 107 247,2 123 129,2 142 941,2 173 970,2 208 563,2 237 107,2 263 889,2 290 644,2 314 315,2 334 206,2 351 464,2 368 759,2 387 382,2 407 072,2 424 062,2 434 837,2 446 182,2 463 239,2 488 267,2 521 470,2 555 708,2 587 291,2 611 822,2 631 066,2 646 355,2 657 204,2 666 601,2 673 562,2 682 355,2 691 148,2 689 296,2 682 315,2 672 617,2 659 348,2 647 109
Омская область,1 811 950,1 825 079,1 841 800,1 864 832,1 890 857,1 913 594,1 932 800,1 949 563,1 961 304,1 966 641,1 966 950,1 967 459,1 970 536,1 974 409,1 980 273,1 985 850,1 990 503,1 998 286,2 009 785,2 025 189,2 043 416,2 064 081,2 085 076,2 106 020,2 126 672,2 144 982,2 155 625,2 156 821,2 159 239,2 165 406,2 166 359,2 166 510,2 167 105,2 163 263,2 156 915
Томская область,1 041 556,1 047 746,1 057 416,1 063 999,1 069 994,1 074 060,1 074 081,1 075 323,1 075 082,1 073 321,1 070 462,1 065 877,1 060 205,1 052 877,1 044 392,1 035 884,1 028 915,1 024 685,1 023 678,1 027 119,1 033 948,1 041 746,1 047 664,1 052 020,1 056 068,1 060 158,1 063 375,1 065 180,1 067 837,1 070 663,1 069 856,1 071 701,1 077 014,1 078 369,1 076 660
Республика Хакасия,526 866,529 204,531 611,534 668,537 293,538 969,540 117,540 346,539 511,538 067,536 227,534 446,533 080,532 368,532 513,532 307,531 590,531 224,532 482,535 899,539 694,543 306,547 352,551 952,555 943,559 418,562 838,565 729,568 700,571 052,572 480,573 746,574 190,573 215,571 700
Республика Тыва,338 014,337 408,336 761,334 988,331 888,328 476,325 396,322 162,318 834,316 164,313 916,311 944,310 397,308 888,307 728,306 315,304 545,303 070,302 623,303 478,304 512,305 225,305 361,305 478,305 921,306 166,305 756,305 351,305 220,304 253,302 810,302 253,302 834,303 884,308 511
Республика Алтай,210 430,210 767,210 789,210 976,211 229,211 127,211 019,211 051,210 574,209 910,209 152,208 482,207 888,206 985,205 958,205 037,203 908,202 436,201 709,202 004,202 452,202 805,202 997,202 992,202 743,202 071,201 087,200 185,199 905,199 213,197 763,196 677,196 677,196 285,194 428
Северо-Западный федеральный округ,13 858 500,13 853 850,13 888 591,13 924 240,13 956 172,13 966 789,13 950 761,13 917 471,13 872 660,13 847 476,13 821 863,13 760 483,13 691 040,13 643 838,13 614 983,13 608 056,13 621 394,13 647 980,13 690 736,13 754 940,13 826 869,13 904 394,14 010 758,14 135 925,14 261 207,14 394 656,14 511 339,14 606 192,14 702 482,14 806 608,14 925 809,15 060 460,15 186 558,15 275 590,15 310 737
г. Санкт-Петербург,5 625 343,5 598 903,5 603 980,5 598 215,5 584 633,5 563 564,5 520 589,5 450 085,5 368 297,5 303 737,5 235 957,5 133 600,5 023 175,4 937 079,4 866 052,4 815 736,4 781 789,4 756 207,4 730 202,4 699 672,4 674 264,4 659 256,4 672 445,4 701 625,4 728 385,4 756 413,4 777 442,4 795 313,4 813 421,4 832 813,4 863 488,4 912 231,4 964 638,4 996 936,5 004 955
Ленинградская область,2 047 620,2 029 764,2 014 894,1 991 648,1 964 107,1 932 223,1 892 426,1 856 619,1 831 619,1 815 091,1 799 173,1 779 030,1 755 561,1 730 578,1 711 743,1 701 902,1 695 738,1 691 844,1 688 244,1 683 411,1 677 366,1 670 219,1 669 928,1 676 526,1 683 540,1 690 003,1 693 135,1 691 022,1 687 281,1 684 076,1 679 369,1 678 312,1 679 691,1 677 035,1 671 237
Вологодская область,1 118 357,1 125 062,1 133 603,1 144 246,1 154 820,1 163 259,1 171 486,1 179 666,1 185 243,1 188 855,1 191 762,1 194 462,1 197 155,1 199 787,1 204 777,1 211 249,1 216 955,1 222 777,1 230 360,1 240 354,1 250 846,1 261 386,1 272 696,1 284 455,1 294 980,1 304 729,1 313 488,1 320 919,1 328 614,1 336 226,1 343 988,1 349 968,1 352 547,1 353 511,1 354 135
Калининградская область,1 033 409,1 033 129,1 031 661,1 026 313,1 018 468,1 009 884,1 000 498,992 214,982 868,973 979,967 055,959 635,951 168,944 433,940 228,937 623,935 955,934 814,935 452,939 336,944 993,950 990,954 768,956 484,958 145,960 029,956 974,948 471,942 243,936 982,926 528,915 321,904 984,894 592,885 909
Архангельская область,951 688,960 076,969 454,985 162,1 004 788,1 021 912,1 039 524,1 058 689,1 076 788,1 094 549,1 112 654,1 131 394,1 151 636,1 172 373,1 189 076,1 199 863,1 209 805,1 220 038,1 232 368,1 248 618,1 265 490,1 282 312,1 300 234,1 318 847,1 338 671,1 360 884,1 382 350,1 402 210,1 422 520,1 443 154,1 462 541,1 480 517,1 496 955,1 510 806,1 520 401
Республика Коми,717 697,723 522,730 399,742 395,756 916,771 255,787 461,803 653,817 788,831 076,845 087,859 644,875 128,891 145,905 596,917 149,928 594,939 842,953 884,972 921,991 373,1 007 948,1 022 838,1 036 263,1 050 380,1 067 938,1 086 852,1 105 717,1 124 200,1 144 707,1 174 402,1 199 077,1 214 108,1 231 016,1 244 393
Мурманская область,653 901,657 568,661 969,671 913,685 413,698 097,709 332,719 418,729 119,739 001,748 995,761 637,775 704,788 155,796 921,802 659,810 347,819 559,831 703,848 184,865 042,881 477,897 786,914 312,931 967,952 573,975 999,1 000 027,1 024 636,1 052 042,1 083 740,1 116 911,1 151 830,1 179 585,1 190 125
Псковская область,577 814,584 467,592 342,600 993,608 791,614 980,621 621,629 303,635 721,641 655,648 227,655 041,661 855,668 329,676 582,686 114,694 963,703 913,714 502,727 645,740 635,752 434,763 885,775 740,787 531,798 924,808 856,816 817,823 405,828 161,831 083,834 105,836 869,840 299,843 524
Новгородская область,569 203,573 687,578 752,584 937,590 560,594 935,600 354,606 830,611 801,615 245,618 968,622 980,627 075,631 019,636 248,642 533,648 784,654 891,661 600,670 068,678 742,687 552,696 495,705 564,714 405,722 290,727 876,730 610,733 516,737 455,740 732,744 534,747 886,750 361,752 633
Республика Карелия,521 403,525 868,530 132,536 924,546 093,555 068,565 635,578 819,591 015,601 899,611 733,620 815,630 375,638 809,645 650,651 242,656 585,662 218,670 537,682 821,696 224,709 030,718 376,725 179,732 141,739 515,746 707,752 915,759 691,767 030,774 406,782 099,787 797,790 483,791 593
Ненецкий авт. округ,42 065,41 804,41 405,41 494,41 583,41 612,41 835,42 175,42 401,42 389,42 252,42 245,42 208,42 131,42 110,41 986,41 879,41 877,41 884,41 910,41 894,41 790,41 307,40 930,41 062,41 358,41 660,42 171,42 955,43 962,45 532,47 385,49 253,50 966,51 832
Уральский федеральный округ,12 272 516,12 260 711,12 272 192,12 302 503,12 335 936,12 347 121,12 345 388,12 343 680,12 320 322,12 286 338,12 250 628,12 212 798,12 168 602,12 114 534,12 087 305,12 081 845,12 075 173,12 077 326,12 104 530,12 166 962,12 244 872,12 322 904,12 389 499,12 444 500,12 493 383,12 544 819,12 578 377,12 578 589,12 590 373,12 620 789,12 630 096,12 647 882,12 693 049,12 731 277,12 736 350
Свердловская область,4 222 073,4 230 928,4 251 426,4 276 579,4 299 797,4 312 661,4 319 999,4 326 875,4 329 309,4 328 434,4 323 830,4 318 067,4 311 585,4 302 363,4 302 850,4 311 404,4 317 226,4 325 347,4 343 502,4 375 233,4 414 103,4 455 859,4 495 812,4 530 012,4 561 735,4 592 547,4 616 322,4 633 176,4 650 661,4 669 494,4 689 774,4 716 563,4 743 718,4 760 579,4 766 060
Челябинская область,3 390 461,3 401 472,3 414 351,3 433 528,3 457 131,3 473 309,3 486 357,3 499 368,3 502 934,3 500 128,3 494 522,3 488 252,3 483 032,3 477 985,3 478 726,3 483 314,3 486 951,3 493 037,3 506 822,3 529 224,3 555 535,3 583 471,3 609 540,3 632 686,3 652 039,3 666 050,3 671 078,3 669 200,3 673 781,3 685 136,3 686 813,3 691 358,3 701 786,3 704 941,3 704 030
Ханты-Мансийский АО,1 770 584,1 744 869,1 722 058,1 705 983,1 691 220,1 678 245,1 667 352,1 657 448,1 642 223,1 624 107,1 608 238,1 593 115,1 574 065,1 549 651,1 529 178,1 512 771,1 497 780,1 483 214,1 471 490,1 464 993,1 457 868,1 445 635,1 424 793,1 397 665,1 371 569,1 359 368,1 351 034,1 329 887,1 310 036,1 298 131,1 286 240,1 273 620,1 269 636,1 275 827,1 273 590
Тюменская область,1 621 131,1 611 974,1 605 583,1 596 039,1 584 167,1 567 267,1 543 262,1 517 952,1 491 098,1 462 199,1 435 035,1 408 417,1 380 020,1 354 645,1 338 319,1 328 919,1 319 881,1 312 621,1 309 271,1 310 107,1 314 414,1 320 401,1 330 012,1 344 527,1 357 440,1 365 187,1 369 844,1 373 623,1 380 833,1 390 478,1 394 417,1 397 136,1 400 902,1 401 332,1 397 660
Курганская область,748 734,757 294,766 959,780 364,794 199,805 272,817 465,830 177,841 365,852 225,862 860,873 840,886 406,900 988,913 699,921 883,929 846,940 290,953 942,971 422,990 238,1 007 815,1 023 473,1 038 921,1 053 311,1 064 007,1 071 655,1 077 807,1 085 582,1 095 009,1 100 109,1 103 571,1 106 556,1 105 758,1 106 139
Ямало-Ненецкий АО,519 533,514 174,511 815,510 010,509 422,510 367,510 953,511 860,513 393,519 245,526 143,531 107,533 494,528 902,524 533,523 554,523 489,522 817,519 503,515 983,512 714,509 723,505 869,500 689,497 289,497 660,498 444,494 896,489 480,482 541,472 743,465 634,470 451,482 840,488 871
Северо-Кавказский федеральный округ,10 281 009,10 228 406,10 189 917,10 152 703,10 106 674,10 042 165,9 972 126,9 909 903,9 840 796,9 764 724,9 683 406,9 608 229,9 542 443,9 474 293,9 396 111,9 310 388,9 227 283,9 138 757,9 063 650,9 015 683,8 980 837,8 952 355,8 891 077,8 772 422,8 673 378,8 615 971,8 542 723,8 461 255,8 394 448,8 324 266,8 170 606,7 999 690,7 873 650,7 690 967,7 474 209
Республика Дагестан,3 246 057,3 221 002,3 198 342,3 175 870,3 152 863,3 126 938,3 099 781,3 073 954,3 046 906,3 018 701,2 989 973,2 964 340,2 944 136,2 924 408,2 891 481,2 847 642,2 807 562,2 762 218,2 714 228,2 672 665,2 635 106,2 599 457,2 558 763,2 511 042,2 464 297,2 417 456,2 362 573,2 308 021,2 250 818,2 209 242,2 116 777,2 011 932,1 963 826,1 906 298,1 847 745
Ставропольский край,2 885 235,2 888 656,2 896 829,2 903 318,2 904 146,2 894 529,2 882 213,2 875 772,2 864 896,2 850 555,2 835 493,2 820 251,2 805 376,2 791 688,2 781 610,2 772 657,2 763 647,2 753 377,2 746 976,2 743 995,2 740 090,2 735 784,2 734 340,2 738 537,2 740 906,2 738 198,2 728 666,2 713 939,2 698 426,2 677 314,2 641 706,2 597 529,2 549 063,2 500 220,2 456 790
Чеченская Республика,1 564 709,1 543 038,1 523 906,1 505 603,1 487 170,1 467 050,1 446 552,1 425 882,1 404 852,1 382 576,1 358 755,1 336 127,1 313 808,1 288 757,1 262 505,1 237 144,1 210 655,1 184 448,1 162 155,1 142 753,1 125 041,1 111 144,1 089 123,1 034 636,1 053 332,1 135 036,1 163 366,1 170 882,1 199 917,1 226 482,1 267 530,1 293 791,1 252 614,1 198 117,1 135 926
Кабардино-Балкарская Республика,906 839,904 365,903 802,902 476,898 978,894 760,890 342,886 233,881 219,875 632,870 106,866 194,863 328,860 743,859 684,858 851,857 704,857 871,862 309,871 733,883 474,895 345,897 712,890 524,882 853,874 909,865 649,853 400,840 416,827 832,815 601,806 683,798 843,787 578,771 532
Республика Северная Осетия-Алания,678 853,679 813,683 071,688 096,692 869,696 345,699 240,701 642,702 982,704 115,704 346,705 030,707 558,710 705,712 103,711 693,711 585,710 155,707 848,706 644,707 036,708 675,709 665,706 987,698 958,688 849,682 636,681 463,679 505,673 963,665 912,661 469,683 391,678 567,649 237
Республика Ингушетия,530 856,523 149,515 197,507 658,500 340,492 438,484 116,476 837,470 384,463 232,454 487,444 855,434 667,421 894,413 130,410 473,407 915,406 680,412 065,425 539,442 809,460 353,462 149,450 480,392 735,320 896,299 021,293 767,286 789,272 720,228 618,194 991,194 973,193 373,190 999
Карачаево-Черкесская Республика,468 460,468 383,468 770,469 682,470 308,470 105,469 882,469 583,469 557,469 913,470 246,471 432,473 570,476 098,475 598,471 928,468 215,464 008,458 069,452 354,447 281,441 597,439 325,440 216,440 297,440 627,440 812,439 783,438 577,436 713,434 462,433 295,430 940,426 814,421 980
Дальневосточный федеральный округ,7 863 311,7 885 104,7 935 220,7 988 252,8 038 287,8 081 501,8 118 661,8 158 031,8 187 770,8 214 547,8 241 835,8 274 778,8 309 587,8 343 632,8 380 555,8 406 612,8 429 817,8 461 587,8 514 463,8 596 008,8 683 443,8 768 727,8 853 861,8 951 789,9 059 367,9 179 451,9 312 535,9 444 047,9 576 175,9 726 784,9 918 128,10 102 555,10 276 288,10 402 578,10 423 527
Приморский край,1 803 026,1 813 234,1 831 019,1 850 077,1 867 932,1 881 968,1 892 360,1 904 449,1 914 487,1 921 761,1 928 783,1 937 946,1 945 843,1 950 957,1 959 361,1 967 390,1 973 497,1 982 986,1 997 558,2 017 456,2 038 479,2 057 962,2 076 537,2 103 091,2 130 748,2 154 136,2 179 608,2 204 518,2 229 447,2 254 047,2 275 198,2 293 425,2 308 662,2 312 113,2 303 185
Хабаровский край,1 275 810,1 281 111,1 288 427,1 293 932,1 302 772,1 313 552,1 320 136,1 326 346,1 330 017,1 333 055,1 336 326,1 338 982,1 341 018,1 342 229,1 346 058,1 350 176,1 352 985,1 357 371,1 368 077,1 386 530,1 406 512,1 425 233,1 440 207,1 453 039,1 466 888,1 483 885,1 501 701,1 517 284,1 534 378,1 555 163,1 579 032,1 599 561,1 616 045,1 624 553,1 622 194
Республика Саха (Якутия),1 004 112,999 614,997 699,992 542,981 987,974 061,969 732,967 159,964 390,960 741,957 588,956 314,956 368,957 293,958 298,958 197,958 492,957 514,955 246,953 782,951 569,949 302,950 069,954 487,959 991,969 803,986 045,1 002 549,1 015 207,1 028 756,1 050 884,1 072 145,1 090 020,1 109 671,1 115 232
Забайкальский край,984 116,988 412,996 474,1 007 620,1 019 906,1 030 090,1 040 538,1 051 005,1 059 975,1 068 032,1 075 445,1 083 079,1 091 449,1 100 825,1 107 564,1 109 084,1 110 317,1 113 291,1 119 235,1 128 053,1 137 733,1 147 641,1 159 019,1 172 130,1 185 824,1 199 934,1 213 417,1 227 092,1 241 033,1 252 043,1 263 044,1 276 732,1 295 791,1 312 877,1 319 266
Республика Бурятия,971 530,973 275,976 290,979 453,981 527,980 819,980 413,981 428,980 863,978 553,974 896,972 050,971 285,971 423,970 637,968 165,965 876,964 869,965 748,968 954,972 778,977 083,983 449,992 100,1 000 850,1 009 128,1 016 952,1 024 498,1 030 910,1 035 316,1 038 671,1 043 054,1 049 094,1 052 031,1 050 060
Амурская область,751 564,753 140,759 884,768 631,778 191,784 666,789 657,794 737,799 170,804 032,807 625,811 944,817 895,824 644,831 783,836 887,841 579,847 396,855 779,867 537,880 900,894 412,906 213,917 230,929 327,942 578,955 783,968 476,980 684,990 714,1 006 708,1 023 957,1 039 084,1 051 459,1 054 803
Сахалинская область,457 594,459 063,463 272,467 639,471 462,474 937,477 282,477 456,477 022,479 031,483 000,487 540,491 686,495 226,499 009,503 088,507 130,511 408,517 287,525 467,533 298,540 895,548 584,556 097,564 644,575 262,588 457,603 964,621 140,644 700,674 036,697 647,710 483,714 829,714 647
Камчатский край,288 574,288 839,290 652,292 913,294 810,298 132,301 213,303 034,305 166,308 290,312 031,315 524,317 514,319 957,322 412,324 172,326 564,329 379,333 702,340 251,347 209,354 214,359 780,364 034,369 371,376 392,384 371,392 646,401 707,413 999,430 659,449 345,467 445,477 267,477 734
Еврейская автономная область,145 115,146 630,148 519,151 073,153 641,155 685,157 877,160 362,162 743,165 149,167 695,170 331,172 814,175 111,176 902,177 824,178 430,179 058,180 529,183 708,187 088,189 499,191 248,192 545,194 171,197 152,200 448,203 074,205 796,208 379,212 760,216 884,219 022,219 857,218 896
Магаданская область,133 966,133 851,135 111,136 627,137 993,139 267,141 407,143 741,145 034,146 453,148 607,150 919,153 172,155 425,157 768,159 971,162 465,165 446,168 650,172 167,176 003,179 951,184 526,190 597,197 965,206 850,216 123,224 851,234 681,253 550,283 520,311 912,344 490,374 914,387 405
Чукотский автономный округ,47 904,47 935,47 873,47 745,48 066,48 324,48 046,48 314,48 903,49 450,49 839,50 149,50 543,50 542,50 763,51 658,52 482,52 869,52 652,52 103,51 874,52 535,54 229,56 439,59 588,64 331,69 630,75 095,81 192,90 117,103 616,117 893,136 152,153 007,160 105
